2025-10-30T23:16:00.760091,admin,login
2025-10-30T23:20:46.186336,admin,logout
2025-10-30T23:36:20.101651,admin,login
2025-10-30T23:36:50.765403,admin,logout
2025-10-30T23:48:30.536323,admin,login
2025-10-30T23:52:49.735269,admin,login
2025-10-30T23:52:58.034519,admin,logout
2025-10-30T23:59:10.654941,admin,login
2025-10-31T01:08:57.328344,admin,login
2025-10-31T01:37:09.205922,admin,login
2025-10-31T01:55:12.007893,admin,login
2025-10-31T02:04:56.874115,admin,login
2025-10-31T03:04:32.741933,admin,login
2025-10-31T03:09:15.923893,admin,login
2025-10-31T03:12:57.162042,admin,login
2025-10-31T12:14:38.899366,admin,login
2025-10-31T12:22:14.337939,admin,login
2025-10-31T12:24:41.414781,admin,login
2025-10-31T12:32:45.379535,admin,login
2025-10-31T12:59:23.490525,admin,login
2025-10-31T13:02:55.289090,admin,logout
2025-10-31T13:17:11.175725,admin,login
2025-10-31T13:17:37.960857,admin,logout
2025-10-31T13:54:00.501576,admin,login
2025-10-31T13:58:19.236055,admin,logout
2025-10-31T13:58:42.623808,admin,login
2025-10-31T14:01:50.468003,admin,logout
2025-11-02T08:07:45.853670,admin,login
